Refs,value,manpt#,shop,datasheet,footprint,
ANT1,SWRA117D,,,,RF_Antenna:Texas_SWRA117D_2.4GHz_Left,
C1,0.8pF,GJM1555C1HR80WB01D,,,Capacitors_SMD:C_0402,
C10,1uF,GCM188R71C105KA64D,https://www.rcscomponents.kiev.ua/product/1uf-16v-x7r-10-0603-4k-reel-0603b105k160nt-hitano-kondensator-keramicheskij-smd_19140.html,,Capacitors_SMD:C_0603_HandSoldering,
C11,12pF,C0402N120J500NU-Hitano,https://www.rcscomponents.kiev.ua/product/12pf-50v-5-np0-0402-c0402n120j500nu-hitano_12842.html,,Capacitors_SMD:C_0402,
C12,12pF,C0402N120J500NU-Hitano,https://www.rcscomponents.kiev.ua/product/12pf-50v-5-np0-0402-c0402n120j500nu-hitano_12842.html,,Capacitors_SMD:C_0402,
C13,12pF,C0402N120J500NU-Hitano,https://www.rcscomponents.kiev.ua/product/12pf-50v-5-np0-0402-c0402n120j500nu-hitano_12842.html,,Capacitors_SMD:C_0402,
C14,12pF,C0402N120J500NU-Hitano,https://www.rcscomponents.kiev.ua/product/12pf-50v-5-np0-0402-c0402n120j500nu-hitano_12842.html,,Capacitors_SMD:C_0402,
C15,0.1uF,100nF 50V 10% X7R,https://www.rcscomponents.kiev.ua/product/100nf-50v-10-x7r-0402-c0402b104k500nu-hitano_50721.html ,,Capacitors_SMD:C_0402,
C16,1uF,"1uF 6,3V 10% X5R",https://www.rcscomponents.kiev.ua/product/1uf-6-3v-10-x5r-0402-cl05a105kq5nnnc_73177.html,,Capacitors_SMD:C_0402,
C2,0.1uF,100nF 50V 10% X7R,https://www.rcscomponents.kiev.ua/product/100nf-50v-10-x7r-0402-c0402b104k500nu-hitano_50721.html ,,Capacitors_SMD:C_0402,
C3,0.1uF,100nF 50V 10% X7R,https://www.rcscomponents.kiev.ua/product/100nf-50v-10-x7r-0402-c0402b104k500nu-hitano_50721.html ,,Capacitors_SMD:C_0402,
C4,4.7uF,"4,7uF 6,3V X5R 10%",https://www.rcscomponents.kiev.ua/product/4-7uf-6-3v-x5r-10-0603-c0603x475k063nt-hitano_104943.html,,Capacitors_SMD:C_0603_HandSoldering,
C5,10uF,"10uF 6,3V X5R 10%",https://www.rcscomponents.kiev.ua/product/10uf-6-3v-x5r-10-0603-cl10a106kq8nnnc-samsung_105449.html,,Capacitors_SMD:C_0603_HandSoldering,
C6,0.1uF,100nF 50V 10% X7R,https://www.rcscomponents.kiev.ua/product/100nf-50v-10-x7r-0402-c0402b104k500nu-hitano_50721.html ,,Capacitors_SMD:C_0402,
C8,100pF,100pF 50V 5% NP0,https://www.rcscomponents.kiev.ua/product/100pf-50v-5-np0-0402-0402n101j500nu-hitano_50704.html,,Capacitors_SMD:C_0402,
C9,10uF,"10uF 6,3V X5R 10%",https://www.rcscomponents.kiev.ua/product/10uf-6-3v-x5r-10-0603-cl10a106kq8nnnc-samsung_105449.html,,Capacitors_SMD:C_0603_HandSoldering,
D1,D_Schottky,MBR120LSFT1G,https://imrad.com.ua/ru/mbr120lsft1g,,Diodes_SMD:D_SOD-123,
D10,LED,LTST-C190TBKT,https://www.rcscomponents.kiev.ua/product/ltst-c190tbkt_121694.html,,LEDs:LED_0603_HandSoldering,
D11,LED,LTST-C190TBKT,https://www.rcscomponents.kiev.ua/product/ltst-c190tbkt_121694.html,,LEDs:LED_0603_HandSoldering,
D2,BLUE,LTST-C190TBKT,https://www.rcscomponents.kiev.ua/product/ltst-c190tbkt_121694.html,,LEDs:LED_0603_HandSoldering,
D3,ORANGE,KPT-1608SEW-E-Kingbright,https://www.rcscomponents.kiev.ua/product/svetodiod-0603-oranzhevyj-630nm-120-kpt-1608sew-e-kingbright_2665.html,,LEDs:LED_0603_HandSoldering,
D4,LED,LTST-C190TBKT,https://www.rcscomponents.kiev.ua/product/ltst-c190tbkt_121694.html,,LEDs:LED_0603_HandSoldering,
D5,LED,LTST-C190TBKT,https://www.rcscomponents.kiev.ua/product/ltst-c190tbkt_121694.html,,LEDs:LED_0603_HandSoldering,
D6,LED,LTST-C190TBKT,https://www.rcscomponents.kiev.ua/product/ltst-c190tbkt_121694.html,,LEDs:LED_0603_HandSoldering,
D7,LED,LTST-C190TBKT,https://www.rcscomponents.kiev.ua/product/ltst-c190tbkt_121694.html,,LEDs:LED_0603_HandSoldering,
D8,LED,LTST-C190TBKT,https://www.rcscomponents.kiev.ua/product/ltst-c190tbkt_121694.html,,LEDs:LED_0603_HandSoldering,
D9,LED,LTST-C190TBKT,https://www.rcscomponents.kiev.ua/product/ltst-c190tbkt_121694.html,,LEDs:LED_0603_HandSoldering,
J1,USB_OTG,MX-105017-0001,https://www.rcscomponents.kiev.ua/product/micro-usb-tip-b-gnezdo-5-kontaktov-smd-montazh-mx-105017-0001_117327.html,,Connectors_USB:USB_Micro-B_Vertical_Molex-105133-0001,
J2,BattHolder,BATKEYS3003,https://www.rcscomponents.kiev.ua/product/derzhatel-na-platu-cr2016-br2020-cr2025-cr2032-dl2016-dl2025-dl2032-batkeys3003_122814.html,,Battery:BatteryHolder_Keystone_3034_1x20mm,
J3,BattHolder,BATKEYS3003,https://www.rcscomponents.kiev.ua/product/derzhatel-na-platu-cr2016-br2020-cr2025-cr2032-dl2016-dl2025-dl2032-batkeys3003_122814.html,,Battery:BatteryHolder_Keystone_3034_1x20mm,
J4,BattHolder,BATKEYS3003,https://www.rcscomponents.kiev.ua/product/derzhatel-na-platu-cr2016-br2020-cr2025-cr2032-dl2016-dl2025-dl2032-batkeys3003_122814.html,,Battery:BatteryHolder_Keystone_3034_1x20mm,
J6,Conn_01x04,"PLL1,27-12",https://www.rcscomponents.kiev.ua/product/pll1-27-12-ch02122v100-shtyri-na-platu-1h12-1-27mm_11358.html,,Pin_Headers:Pin_Header_Straight_1x04_Pitch1.27mm,
L1,3.9nH,SDWL1608C3N9SSTF,,,Inductors_SMD:L_0402,
L2,10uH,10uH 10% 0603,https://www.rcscomponents.kiev.ua/product/10uh-10-0603-smi0603ft100k-hitano-induktivnost_112221.html,,Inductors_SMD:L_0603_HandSoldering,
Q1,Q_PMOS_DGS,DMP2045U == IRLML6401TRPBF,https://imrad.com.ua/ru/irlml6401trpbf,https://www.diodes.com/assets/Datasheets/DMP2045U.pdf,TO_SOT_Packages_SMD:SOT-23_Handsoldering,
R1,100K,RC0402FR-100KR-Hitano,https://www.rcscomponents.kiev.ua/product/100-kohm-1-1-16w-50v-0402-rc0402fr-100kr-hitano_50891.html,,Resistors_SMD:R_0402,
R10,330,RC0402JR-330R-Hitano,https://www.rcscomponents.kiev.ua/product/330-ohm-5-1-16w-50v-0402-rc0402jr-330r-hitano_50829.html ,,Resistors_SMD:R_0402,
R11,330,RC0402JR-330R-Hitano,https://www.rcscomponents.kiev.ua/product/330-ohm-5-1-16w-50v-0402-rc0402jr-330r-hitano_50829.html ,,Resistors_SMD:R_0402,
R12,330,RC0402JR-330R-Hitano,https://www.rcscomponents.kiev.ua/product/330-ohm-5-1-16w-50v-0402-rc0402jr-330r-hitano_50829.html ,,Resistors_SMD:R_0402,
R13,330,RC0402JR-330R-Hitano,https://www.rcscomponents.kiev.ua/product/330-ohm-5-1-16w-50v-0402-rc0402jr-330r-hitano_50829.html ,,Resistors_SMD:R_0402,
R14,330,RC0402JR-330R-Hitano,https://www.rcscomponents.kiev.ua/product/330-ohm-5-1-16w-50v-0402-rc0402jr-330r-hitano_50829.html ,,Resistors_SMD:R_0402,
R16,10K,RC0402FR-10KR-Hitano,https://www.rcscomponents.kiev.ua/product/10-kohm-1-1-16w-50v-0402-rc0402fr-10kr-hitano_50866.html,,Resistors_SMD:R_0402,
R17,10K,RC0402FR-10KR-Hitano,https://www.rcscomponents.kiev.ua/product/10-kohm-1-1-16w-50v-0402-rc0402fr-10kr-hitano_50866.html,,Resistors_SMD:R_0402,
R2,100K,RC0402FR-100KR-Hitano,https://www.rcscomponents.kiev.ua/product/100-kohm-1-1-16w-50v-0402-rc0402fr-100kr-hitano_50891.html,,Resistors_SMD:R_0402,
R3,330,RC0402JR-330R-Hitano,https://www.rcscomponents.kiev.ua/product/330-ohm-5-1-16w-50v-0402-rc0402jr-330r-hitano_50829.html ,,Resistors_SMD:R_0402,
R4,10K,RC0402FR-10KR-Hitano,https://www.rcscomponents.kiev.ua/product/10-kohm-1-1-16w-50v-0402-rc0402fr-10kr-hitano_50866.html,,Resistors_SMD:R_0402,
R5,330,RC0402JR-330R-Hitano,https://www.rcscomponents.kiev.ua/product/330-ohm-5-1-16w-50v-0402-rc0402jr-330r-hitano_50829.html ,,Resistors_SMD:R_0402,
R6,10K,RC0402FR-10KR-Hitano,https://www.rcscomponents.kiev.ua/product/10-kohm-1-1-16w-50v-0402-rc0402fr-10kr-hitano_50866.html,,Resistors_SMD:R_0402,
R7,330,RC0402JR-330R-Hitano,https://www.rcscomponents.kiev.ua/product/330-ohm-5-1-16w-50v-0402-rc0402jr-330r-hitano_50829.html ,,Resistors_SMD:R_0402,
R8,330,RC0402JR-330R-Hitano,https://www.rcscomponents.kiev.ua/product/330-ohm-5-1-16w-50v-0402-rc0402jr-330r-hitano_50829.html ,,Resistors_SMD:R_0402,
R9,330,RC0402JR-330R-Hitano,https://www.rcscomponents.kiev.ua/product/330-ohm-5-1-16w-50v-0402-rc0402jr-330r-hitano_50829.html ,,Resistors_SMD:R_0402,
SW1,SW_Push,KLS7-TS6611-1.5-180,https://www.rcscomponents.kiev.ua/product/knopka-adtsm61rvtr_59386.html ,,Buttons_Switches_SMD:SW_SPST_PTS645,
U1,NRF52832-QFAA-R,NRF52832-QFAA-R7,https://prom.ua/p537853714-bluetooth-priyomo-peredatchik,,https://eu.mouser.com/datasheet/2/297/nRF52832_PS_v1.3-1117956.pdf,Package_DFN_QFN:QFN-48-1EP_6x6mm_P0.4mm_EP4.66x4.66mm
U2,AP2112,AP2112K-3.3TRG1,https://prom.ua/p701898586-mikroshema-ap2112k-33trg1,,https://www.diodes.com/assets/Datasheets/AP2112.pdf,TO_SOT_Packages_SMD:SOT-23-5
U3,MCP73831T-2ACI-OT,MCP73831T-2ATI/OT,https://imrad.com.ua/ru/mcp73831t-2ati-ot,https://cdn.sparkfun.com/assets/learn_tutorials/6/9/5/MCP738312.pdf,TO_SOT_Packages_SMD:SOT-23-5,
U4,74HC595,"74HC595BQ,115",http://www.kosmodrom.com.ua/el.php?name=MC74HC595ADTR2G,https://www.onsemi.com/pub/Collateral/MC74HC595A-D.PDF,Package_SO:TSSOP-16_4.4x5mm_P0.65mm,
U5,DRV5013BCQDBZT,DRV5013FAQDBZR,http://www.kosmodrom.com.ua/el.php?name=DRV5013BCQDBZT,http://www.ti.com/lit/ds/symlink/drv5013.pdf,TO_SOT_Packages_SMD:SOT-23,
U6,DRV5013BCQDBZT,DRV5013FAQDBZR,http://www.kosmodrom.com.ua/el.php?name=DRV5013BCQDBZT,http://www.ti.com/lit/ds/symlink/drv5013.pdf,TO_SOT_Packages_SMD:SOT-23,
Y1,32768kHz,SC-32S32.768kHz20PPM9pF,https://eu.mouser.com/ProductDetail/CTS-Electronic-Components/TF325J32K7680?qs=sGAEpiMZZMsBj6bBr9Q9afp%2flhgXOPCvEP0k23qQB00%3d ,https://eu.mouser.com/datasheet/2/96/008-0354-0_A_TF32_Series-1160869.pdf,Crystals:Crystal_SMD_3215-2pin_3.2x1.5mm,
Y2,32MHz,X201632MKD4SI,https://eu.mouser.com/ProductDetail/IQD/LFXTAL061700Cutt?qs=sGAEpiMZZMsBj6bBr9Q9ae9xM%2f%2fhDiZEvpUIS6KPBwlsGb%2fps0vo3w%3d%3d,https://eu.mouser.com/datasheet/2/741/LFXTAL061700Bulk-1000830.pdf,Crystals:Crystal_SMD_2016-4pin_2.0x1.6mm,
